status,title,company,location,date,blurb,tags,link,id,provider,query,locale,wage,remoteness
NEW,"Architecte de solutions terrain II, GenAI, Google Cloud",Google,"Waterloo, ON",2025-01-30,"Remarque : En postulant à cette offre, vous pourrez indiquer où vous préférez travailler parmi les propositions suivantes : Toronto, ON, Canada; Montreal, QC, Canada; Waterloo, ON, Canada.…","Job types: Full-time
Job types cc: Full-time",https://www.indeed.ca/m/viewjob?jk=f7e04eb1924dbcaa,IndeedScraperCANEng_f7e04eb1924dbcaa,IndeedScraperCANEng,Python,CANADA_ENGLISH,,UNKNOWN
NEW,Cloud DevOps Manager,Pwc Canada,"Waterloo, ON N2J 5A2",2025-01-22,"A career within our Infrastructure practice will provide you with the opportunity to design, build, coordinate and maintain the IT environments for clients to run internal operations, collect data,…","Job types: Full-time
Remote: Hybrid work
Job types cc: Full-time",https://www.indeed.ca/m/viewjob?jk=e62d336da8eaf122,IndeedScraperCANEng_e62d336da8eaf122,IndeedScraperCANEng,Python,CANADA_ENGLISH,,TEMPORARILY_REMOTE
NEW,"Technical Solutions Consultant, Applied AI, Contact Center AI",Google,"Waterloo, ON",2025-01-31,"Minimum qualifications: • Bachelor's degree in Science, Technology, Engineering, Mathematics, or equivalent practical experience. • 5 years of experience in solution developing and 3 years of…","Job types: Full-time
Job types cc: Full-time",https://www.indeed.ca/m/viewjob?jk=26c55a7f397314eb,IndeedScraperCANEng_26c55a7f397314eb,IndeedScraperCANEng,Python,CANADA_ENGLISH,,UNKNOWN
NEW,Senior Technical Support Specialist (DevOps Support),OpenText,"Waterloo, ON N2L 0A1",2025-01-22,"In this role, you will support a product suite (DevOps) that helps our enterprise level customers improve developer experience, ship high-quality applications faster and meet increasing business…",,https://www.indeed.ca/m/viewjob?jk=6d02fca3bb2ea977,IndeedScraperCANEng_6d02fca3bb2ea977,IndeedScraperCANEng,Python,CANADA_ENGLISH,,UNKNOWN
NEW,Full Stack Software Developer - Release Tools (Contract),PlayStation Global,"Waterloo, ON",2025-02-06,"Why PlayStation? PlayStation isn't just the Best Place to Play — it's also the Best Place to Work. Today, we're recognized as a global leader in entertainment producing The PlayStation family of…","Job types: Contract
Job types cc: Contract",https://www.indeed.ca/m/viewjob?jk=7ea7dcd7121fd06a,IndeedScraperCANEng_7ea7dcd7121fd06a,IndeedScraperCANEng,Python,CANADA_ENGLISH,,UNKNOWN
NEW,AI Engineer,Coastal Carbon,"Waterloo, ON",2025-01-22,"Who are we? Coastal Carbon is a seed-funded startup on a mission to create positive impact through earth observation and AI. Founded at the University of Waterloo by a team of PhDs and engineers, we…","Job types: Full-time
Job types cc: Full-time",https://www.indeed.ca/m/viewjob?jk=c492b4e06db35194,IndeedScraperCANEng_c492b4e06db35194,IndeedScraperCANEng,Python,CANADA_ENGLISH,,UNKNOWN
NEW,Principal Software Developer,OpenText,"Waterloo, ON N2L 0A1",2025-02-15,"OpenText IT Operations Management (ITOM) delivers intelligent, automated solutions that empower businesses to monitor, manage, and optimize complex IT environments.",,https://www.indeed.ca/m/viewjob?jk=4a0e3a212ed2358b,IndeedScraperCANEng_4a0e3a212ed2358b,IndeedScraperCANEng,Python,CANADA_ENGLISH,,UNKNOWN
NEW,Data Analyst,CONESTOGA COLLEGE,"Cambridge, ON",2025-02-12,"Administrative Full-time New Positions Reporting to the Director, Research at The Canadian Institute for Safety, Wellness & Performance (CISWP), the Data analyst will analyze complex datasets to…","Job types: Full-time
Remote: Hybrid work
Benefits: Extended health care, Disability insurance, Dental care, Tuition reimbursement, Company pension, Employee assistance program, Vision care, Life insurance, On-site parking
Job types cc: Full-time
Schedules: Monday to Friday",https://www.indeed.ca/m/viewjob?jk=2c6362df7a69e3e0,IndeedScraperCANEng_2c6362df7a69e3e0,IndeedScraperCANEng,Python,CANADA_ENGLISH,$85529 - $106911 yearly,TEMPORARILY_REMOTE
NEW,Systems Integrator,Rockwell Automation,"Kitchener, ON",2025-02-20,"Authoring and modifying software code (python, C++, or other). SEs design and implement fleets of OTTO autonomous mobile robots (AMR) and software at our customer facilities.","Job types: Full-time
Remote: Hybrid work
Benefits: RRSP match, Dental care, Paid time off, Employee assistance program, Flexible schedule
Job types cc: Full-time",https://www.indeed.ca/m/viewjob?jk=deef314017b9beb2,IndeedScraperCANEng_deef314017b9beb2,IndeedScraperCANEng,Python,CANADA_ENGLISH,,TEMPORARILY_REMOTE
NEW,Senior Software Developer (Java) 1,OpenText,"Waterloo, ON N2L 0A1",2025-02-15,"OPENTEXT OpenText is a global leader in information management, where innovation, creativity, and collaboration are the key components of our corporate culture. As a member of our team, you will…",,https://www.indeed.ca/m/viewjob?jk=aeae7588913db4e4,IndeedScraperCANEng_aeae7588913db4e4,IndeedScraperCANEng,Python,CANADA_ENGLISH,,UNKNOWN
NEW,Research & Development Engineering Associate (Co-Op),NERv Technology Inc. D.B.A. FluidAI Medical,"Kitchener, ON N2H 5L6",2025-01-22,"Company Description: FluidAI Medical is creating a paradigm shift in post-operative care, utilizing the plethora of data within the body to help in the detection of post-operative complications at…","Job types: Full-time
Job types cc: Full-time",https://www.indeed.ca/m/viewjob?jk=53c3e316cc0815b7,IndeedScraperCANEng_53c3e316cc0815b7,IndeedScraperCANEng,Python,CANADA_ENGLISH,,UNKNOWN
NEW,Software Developer,Apple,"Waterloo, ON N2L 5W6",2025-02-07,"Summary Posted: 7 Dec 2024 Weekly Hours: 37.5 Role Number:200581436 Imagine what you could do here. At Apple, new ideas have a way of becoming extraordinary products, services, and customer…",,https://www.indeed.ca/m/viewjob?jk=4af4ac8ea2dcef2e,IndeedScraperCANEng_4af4ac8ea2dcef2e,IndeedScraperCANEng,Python,CANADA_ENGLISH,,UNKNOWN
NEW,Business Intelligence Specialist,KidsAbility,"Waterloo, ON N2K 3P5",2025-02-19,"*Business Intelligence Specialist * Fulltime, Permanent | Start Date: ASAP | Waterloo & Other Sites Closing Date: February 27, 2025 About KidsAbility: We are a not-for-profit, equal…","Job types: Full-time
Benefits: Extended health care, RRSP match, Disability insurance, Dental care, Paid time off, Company events, Employee assistance program, RRSP, Life insurance, On-site parking
Job types cc: Permanent, Full-time
Schedules: Monday to Friday",https://www.indeed.ca/m/viewjob?jk=df789b2e023b508a,IndeedScraperCANEng_df789b2e023b508a,IndeedScraperCANEng,Python,CANADA_ENGLISH,,UNKNOWN
NEW,Systems Integrator,Rockwell Automation,"Kitchener, ON",2025-02-20,"Authoring and modifying software code (python, C++, or other). This role will report into the Systems Engineering Manager. The Systems Engineering (SE) team works closely with our Project Management…","Job types: Full-time
Remote: Hybrid work
Benefits: RRSP match, Dental care, Paid time off, Employee assistance program, Flexible schedule
Job types cc: Full-time",https://www.indeed.ca/m/viewjob?jk=04887f47a7e0b475,IndeedScraperCANEng_04887f47a7e0b475,IndeedScraperCANEng,Python,CANADA_ENGLISH,$63200 - $94800 yearly,TEMPORARILY_REMOTE
NEW,Senior Principal Software Engineer / Lead Engineer - Adtech/Martech,Atomic,"Kitchener-Waterloo, ON",2025-01-22,"This real-time data fuels advanced analytics and warehousing systems that drive online marketing success. Drive Engineering Leadership: Lead the evolution of Adentro’s Adtech/Martech stack, including…","Job types: Full-time
Remote: Remote
Benefits: Stock options
Job types cc: Full-time",https://www.indeed.ca/m/viewjob?jk=97464f551237ba77,IndeedScraperCANEng_97464f551237ba77,IndeedScraperCANEng,Python,CANADA_ENGLISH,$200000 - $270000 yearly,FULLY_REMOTE
NEW,Software Developer III,Verily,"Waterloo, ON",2025-01-25,"Our unique expertise and capabilities in technology, data science and healthcare enable the entire healthcare ecosystem to drive better health outcomes.","Job types: Full-time
Job types cc: Full-time",https://www.indeed.ca/m/viewjob?jk=24c70936f9eb135c,IndeedScraperCANEng_24c70936f9eb135c,IndeedScraperCANEng,Python,CANADA_ENGLISH,,UNKNOWN
NEW,Sr. Deployment Manager,Canadian Solar,"Kitchener, ON",2025-01-22,"Job Description Sr. Deployment Manager e-STORAGE is a subsidiary of Canadian Solar and a leading company specializing in the design, manufacturing, and integration of battery energy storage…","Job types: Full-time
Job types cc: Full-time",https://www.indeed.ca/m/viewjob?jk=edfb7fb0f0fa1992,IndeedScraperCANEng_edfb7fb0f0fa1992,IndeedScraperCANEng,Python,CANADA_ENGLISH,,UNKNOWN
NEW,Wind Engineer - Aeroelastic Structures,Rowan Williams Davies & Irwin,"Guelph, ON N1G 4P6",2025-01-22,Client First: Working with our clients and your colleagues at RWDI to solve challenging engineering problems related to wind loads and effects on structures.,"Job types: Full-time
Benefits: RRSP match
Job types cc: Full-time",https://www.indeed.ca/m/viewjob?jk=cf9634eb620c2ba1,IndeedScraperCANEng_cf9634eb620c2ba1,IndeedScraperCANEng,Python,CANADA_ENGLISH,$65000 - $80000 yearly,UNKNOWN
NEW,Data ML Program Manager- Product Operations,Apple,"Waterloo, ON N2L 5W6",2025-02-12,"Summary Posted: 11 Nov 2024 Weekly Hours: 40 Role Number:200577798 Imagine what you could do here. At Apple, new ideas have a way of becoming extraordinary products, services, and customer…","Job types: Full-time
Job types cc: Full-time",https://www.indeed.ca/m/viewjob?jk=2386478b20b564c3,IndeedScraperCANEng_2386478b20b564c3,IndeedScraperCANEng,Python,CANADA_ENGLISH,,UNKNOWN
NEW,Data ML Program Manager- Product Operations,Apple,"Waterloo, ON N2L 5W6",2025-02-12,"Product Operations group is looking to add a Data and Machine Learning Program Manager to support data systems, automation, machine learning, tools that enhance manufacturing of Apple's products.","Job types: Full-time
Job types cc: Full-time",https://www.indeed.ca/m/viewjob?jk=e997ce77cd20a3e7,IndeedScraperCANEng_e997ce77cd20a3e7,IndeedScraperCANEng,Python,CANADA_ENGLISH,,UNKNOWN
NEW,"Software Technical Manager, Data Intelligence, Workspace Abuse Protection",Google,"Waterloo, ON",2025-01-22,"Bachelor's degree or equivalent practical experience. 8 years of experience with software development in one or more programming languages (e.g., Python, C, C++, Java, JavaScript).","Job types: Full-time
Job types cc: Full-time",https://www.indeed.ca/m/viewjob?jk=76e7da5bbcbf0460,IndeedScraperCANEng_76e7da5bbcbf0460,IndeedScraperCANEng,Python,CANADA_ENGLISH,,UNKNOWN
NEW,Software Developer (On-Device),Miovision,"Kitchener, ON N2G 4X8",2025-01-22,Miovision is a global industry leading company providing agencies and organizations modern tools to improve today’s traffic problems. We offer solutions that collect multimodal traffic data and…,"Job types: Full-time
Remote: Remote
Benefits: RRSP match
Job types cc: Full-time",https://www.indeed.ca/m/viewjob?jk=26e0a48f94a993f4,IndeedScraperCANEng_26e0a48f94a993f4,IndeedScraperCANEng,Python,CANADA_ENGLISH,,FULLY_REMOTE
NEW,"Software Developer, II",Verily,"Waterloo, ON",2025-02-12,"Our unique expertise and capabilities in technology, data science and healthcare enable the entire healthcare ecosystem to drive better health outcomes.","Job types: Full-time
Job types cc: Full-time",https://www.indeed.ca/m/viewjob?jk=521160c93c5c4001,IndeedScraperCANEng_521160c93c5c4001,IndeedScraperCANEng,Python,CANADA_ENGLISH,,UNKNOWN
NEW,Software Developer,Apple,"Waterloo, ON N2L 5W6",2025-02-07,"This data is used throughout the company and the product's lifecycle: from the very beginning, to validate that units being built are fully tested and of high quality before leaving the factory, all…",,https://www.indeed.ca/m/viewjob?jk=ae3b9cb42aa827e0,IndeedScraperCANEng_ae3b9cb42aa827e0,IndeedScraperCANEng,Python,CANADA_ENGLISH,,UNKNOWN
NEW,"Software Development Manager II, AI/ML, Google Cloud AI",Google,"Waterloo, ON",2025-02-10,"Minimum qualifications: • Bachelor’s degree or equivalent practical experience. • 8 years of experience with software development in one or more programming languages (e.g., Python, C, C++, Java,…","Job types: Full-time
Job types cc: Full-time",https://www.indeed.ca/m/viewjob?jk=c278d314940aac85,IndeedScraperCANEng_c278d314940aac85,IndeedScraperCANEng,Python,CANADA_ENGLISH,,UNKNOWN
NEW,Digital IC Designer,onsemi,"Waterloo, ON",2025-01-22,"JOB DESCRIPTION At onsemi , we help improve lives through silicon solutions every day. Our intelligent power and sensing technologies solve the world’s most complex challenges and lead the way in…","Job types: Full-time
Benefits: Flexible schedule
Job types cc: Full-time",https://www.indeed.ca/m/viewjob?jk=cd4212662f94b8aa,IndeedScraperCANEng_cd4212662f94b8aa,IndeedScraperCANEng,Python,CANADA_ENGLISH,,UNKNOWN
NEW,R&D Engineer II (CFD),Ansys,"Waterloo, ON N2J 4G8",2025-01-31,"Requisition #: 16096 Our Mission: Powering Innovation That Drives Human Advancement When visionary companies need to know how their world-changing ideas will perform, they close the gap between…",,https://www.indeed.ca/m/viewjob?jk=39d24c7942dd4611,IndeedScraperCANEng_39d24c7942dd4611,IndeedScraperCANEng,Python,CANADA_ENGLISH,,UNKNOWN
NEW,DSP Product Lead,Spire,"Cambridge, ON",2025-01-22,The Signal Processing Systems Team is part of Spire's office of the CTO. Spire owns and operates over 120 nanosatellites constantly collecting RF activity across the spectrum. This team has the…,"Remote: Hybrid work
Benefits: Employee stock purchase plan, Paid time off, Employee assistance program",https://www.indeed.ca/m/viewjob?jk=e28ca3852615ce9e,IndeedScraperCANEng_e28ca3852615ce9e,IndeedScraperCANEng,Python,CANADA_ENGLISH,$116000 - $152000 yearly,TEMPORARILY_REMOTE
NEW,"Student Researcher, BS/MS, Winter/Summer 2025",Google,"Waterloo, ON",2025-01-22,This opportunity is intended for students who are pursuing a Bachelor's or Master’s degree program in Computer Science or a related field. Our Student Researcher opportunities are flexible in time…,"Job types: Full-time
Job types cc: Full-time",https://www.indeed.ca/m/viewjob?jk=cc784916d707cf61,IndeedScraperCANEng_cc784916d707cf61,IndeedScraperCANEng,Python,CANADA_ENGLISH,,UNKNOWN
NEW,"DevOps Engineer II (Waterloo, Canada)",Ansys,"Waterloo, ON N2J 4G8",2025-02-20,"Requisition #: 16056 Our Mission: Powering Innovation That Drives Human Advancement When visionary companies need to know how their world-changing ideas will perform, they close the gap between…",,https://www.indeed.ca/m/viewjob?jk=8ce0434f68693549,IndeedScraperCANEng_8ce0434f68693549,IndeedScraperCANEng,Python,CANADA_ENGLISH,,UNKNOWN
NEW,Software Integration Engineer,Brock Solutions,"Kitchener, ON",2025-01-22,"Brock Solutions is an innovative engineering solutions and professional services company specializing in the design, build and implementation of real-time operational solutions for broad based…","Job types: Full-time
Shifts: Night shift
Benefits: Profit sharing, Extended health care, Company events, Flexible schedule
Job types cc: Full-time
Schedules: Weekends as needed, Night shift, On call",https://www.indeed.ca/m/viewjob?jk=e57765d7427cb515,IndeedScraperCANEng_e57765d7427cb515,IndeedScraperCANEng,Python,CANADA_ENGLISH,,UNKNOWN
NEW,Technical Director - Snow & Ice,RWDI,"Guelph, ON",2025-01-22,"Technical Director - Snow & Ice Guelph, Ontario RWDI is a global climate and performance engineering consulting firm that helps its clients redefine what’s possible by overcoming design and…","Job types: Full-time
Job types cc: Full-time",https://www.indeed.ca/m/viewjob?jk=30fac1240e337904,IndeedScraperCANEng_30fac1240e337904,IndeedScraperCANEng,Python,CANADA_ENGLISH,$100000 - $150000 yearly,UNKNOWN
NEW,Technical Director - Snow & Ice,Rowan Williams Davies & Irwin,"Guelph, ON N1G 4P6",2025-01-22,"Technical Director - Snow & Ice Guelph, Ontario RWDI is a global climate and performance engineering consulting firm that helps its clients redefine what’s possible by overcoming design and…","Job types: Full-time
Job types cc: Full-time",https://www.indeed.ca/m/viewjob?jk=3a73d380ab0ef024,IndeedScraperCANEng_3a73d380ab0ef024,IndeedScraperCANEng,Python,CANADA_ENGLISH,$100000 - $150000 yearly,UNKNOWN
NEW,"Développeur logiciel stagiaire, doctorat, été 2025",Google,"Waterloo, ON",2025-01-22,"Les candidatures seront examinées sur une base continue; les candidats ont donc intérêt à postuler rapidement. La période de dépôt des candidatures prévue est ouverte jusqu'au28 février 2025, mais…","Job types: Full-time, Internship / Co-op
Job types cc: Full-time, Internship / Co-op",https://www.indeed.ca/m/viewjob?jk=de9a88afa9d120c3,IndeedScraperCANEng_de9a88afa9d120c3,IndeedScraperCANEng,Python,CANADA_ENGLISH,,UNKNOWN
NEW,Director of Data Analytics,CarePartners,"Waterloo, ON",2025-01-22,"Who We Are: CarePartners is one of Ontario’s largest accredited home health care providers, providing nursing, personal support, therapy and rehabilitation support services for patients of all ages…","Job types: Full-time
Benefits: RRSP match, Paid time off, Life insurance
Job types cc: Full-time",https://www.indeed.ca/m/viewjob?jk=2d844cbaa94b91d1,IndeedScraperCANEng_2d844cbaa94b91d1,IndeedScraperCANEng,Python,CANADA_ENGLISH,,UNKNOWN
NEW,Senior Principal Embedded Software Engineer,onsemi,"Waterloo, ON",2025-01-22,"At onsemi , we help improve lives through silicon and software solutions every day. Our intelligent power and sensing technologies solve the world’s most complex challenges and lead the way in…","Job types: Full-time
Benefits: Flexible schedule
Job types cc: Full-time",https://www.indeed.ca/m/viewjob?jk=b06341c829110148,IndeedScraperCANEng_b06341c829110148,IndeedScraperCANEng,Python,CANADA_ENGLISH,,UNKNOWN
NEW,Senior Control Engineer,Canadian Solar,"Guelph, ON N1K 1E6",2025-01-22,"COMPANY SUMMARY: e-STORAGE is a subsidiary of Canadian Solar and a leading company specializing in the design, manufacturing, and integration of battery energy storage systems for utility-scale…","Job types: Full-time
Job types cc: Full-time",https://www.indeed.ca/m/viewjob?jk=fcf8d19862eab050,IndeedScraperCANEng_fcf8d19862eab050,IndeedScraperCANEng,Python,CANADA_ENGLISH,,UNKNOWN
NEW,Technical Support Specialist - Cyber Security,OpenText,"Waterloo, ON N2L 0A1",2025-02-19,"OPENTEXT OpenText is a global leader in information management, where innovation, creativity, and collaboration are the key components of our corporate culture. As a member of our team, you will…",Schedules: On call,https://www.indeed.ca/m/viewjob?jk=473af3371ed7ed0d,IndeedScraperCANEng_473af3371ed7ed0d,IndeedScraperCANEng,Python,CANADA_ENGLISH,,UNKNOWN
NEW,"Gestionnaire principal, Renseignements sur les risques et analyses",Manulife,"Waterloo, ON",2025-02-14,"locations Waterloo, Ontario Toronto, Ontario Montreal, Quebec time type Temps plein posted on Publié il y a 8 jour(s) time left to apply Date de fin : 1 mars 2025 (Il reste 7 jours pour postuler)…","Job types: Full-time
Remote: Hybrid work
Benefits: Employee stock purchase plan, Dental care, Vision care, Life insurance
Job types cc: Full-time",https://www.indeed.ca/m/viewjob?jk=0cd1690f52baf6b7,IndeedScraperCANEng_0cd1690f52baf6b7,IndeedScraperCANEng,Python,CANADA_ENGLISH,$80700 - $145260 yearly,TEMPORARILY_REMOTE
NEW,Data Analyst (AWS Developer),Sun Life,"Waterloo, ON",2025-02-18,"You are as unique as your background, experience and point of view. Here, you’ll be encouraged, empowered and challenged to be your best self. You'll work with dynamic colleagues - experts in their…",Remote: Hybrid work,https://www.indeed.ca/m/viewjob?jk=efe91c66604fea6a,IndeedScraperCANEng_efe91c66604fea6a,IndeedScraperCANEng,Python,CANADA_ENGLISH,$58000 - $97000 yearly,TEMPORARILY_REMOTE
NEW,Senior Embedded Software Developer,Nuvation Research Corporation,"Waterloo, ON",2025-01-22,"JOB SUMMARY Nuvation is looking for a talented, innovative Senior Embedded Software Developer, who successfully combines architecture skills, technical expertise, and project leadership. This is a…","Job types: Full-time
Benefits: Dental care, Vision care
Job types cc: Full-time",https://www.indeed.ca/m/viewjob?jk=ddb1a9e729080a32,IndeedScraperCANEng_ddb1a9e729080a32,IndeedScraperCANEng,Python,CANADA_ENGLISH,,UNKNOWN
NEW,R&D Verification & Automation Engineer (Hybrid),Ansys,"Waterloo, ON N2J 4G8",2025-01-24,"Requisition #: 15944 Our Mission: Powering Innovation That Drives Human Advancement When visionary companies need to know how their world-changing ideas will perform, they close the gap between…",,https://www.indeed.ca/m/viewjob?jk=47c984eb16ccfdb9,IndeedScraperCANEng_47c984eb16ccfdb9,IndeedScraperCANEng,Python,CANADA_ENGLISH,,UNKNOWN
NEW,"Field Solutions Architect II, GenAI, Google Cloud",Google,"Waterloo, ON",2025-01-30,"Note: By applying to this position you will have an opportunity to share your preferred working location from the following: Toronto, ON, Canada; Montreal, QC, Canada; Waterloo, ON, Canada. Minimum…","Job types: Full-time
Job types cc: Full-time",https://www.indeed.ca/m/viewjob?jk=1291e0582487c204,IndeedScraperCANEng_1291e0582487c204,IndeedScraperCANEng,Python,CANADA_ENGLISH,,UNKNOWN
NEW,R&D Verification Engineer II - Remote (Canada),Ansys,"Waterloo, ON",2025-02-20,"Requisition #: 16248 Our Mission: Powering Innovation That Drives Human Advancement When visionary companies need to know how their world-changing ideas will perform, they close the gap between…",Remote: Remote,https://www.indeed.ca/m/viewjob?jk=8d3eefd77c9f6c38,IndeedScraperCANEng_8d3eefd77c9f6c38,IndeedScraperCANEng,Python,CANADA_ENGLISH,,FULLY_REMOTE
NEW,Wind Engineer/ EIT Buildings and Structures,RWDI,"Guelph, ON",2025-01-22,Client First: Working with our clients and your colleagues at RWDI to solve challenging engineering problems related to wind loads and effects on structures.,"Job types: Full-time
Benefits: RRSP match
Job types cc: Full-time",https://www.indeed.ca/m/viewjob?jk=e295cf0727a02c85,IndeedScraperCANEng_e295cf0727a02c85,IndeedScraperCANEng,Python,CANADA_ENGLISH,$65000 - $80000 yearly,UNKNOWN
NEW,"Internship: Power Systems Engineering (4-12 months) - Kitchener, ON, Canada",Eaton,"Kitchener, ON N2E 3Z5",2025-01-22,"Eaton’s Electrical Sector, Americas Power Controls Systems (PCS) division is currently seeking a Power Systems Engineering (PSE) Intern. This position is scheduled to start May 5, 2025. The hourly…","Job types: Internship / Co-op
Job types cc: Internship / Co-op",https://www.indeed.ca/m/viewjob?jk=fca70b97383b9ea4,IndeedScraperCANEng_fca70b97383b9ea4,IndeedScraperCANEng,Python,CANADA_ENGLISH,$22 - $26 hourly,UNKNOWN
NEW,R&D Verification Engineer II,Ansys,"Waterloo, ON N2J 4G8",2025-02-14,"Requisition #: 15935 Our Mission: Powering Innovation That Drives Human Advancement When visionary companies need to know how their world-changing ideas will perform, they close the gap between…",,https://www.indeed.ca/m/viewjob?jk=99f68a4778ec8fb5,IndeedScraperCANEng_99f68a4778ec8fb5,IndeedScraperCANEng,Python,CANADA_ENGLISH,,UNKNOWN
NEW,Project Engineer-Product Security,Rockwell Automation,"Cambridge, ON N1P 0A1",2025-01-22,You will be responsible for providing product security expertise to product development teams throughout all phases of our security development lifecycle. Bachelor's Degree in relevant field.,"Job types: Full-time
Remote: Hybrid work
Benefits: RRSP match, Dental care, Paid time off, Employee assistance program, Flexible schedule
Job types cc: Full-time",https://www.indeed.ca/m/viewjob?jk=1e7b8920866c89f4,IndeedScraperCANEng_1e7b8920866c89f4,IndeedScraperCANEng,Python,CANADA_ENGLISH,,TEMPORARILY_REMOTE
NEW,Senior Software Engineer - Gen AI,Sun Life,"Waterloo, ON",2025-01-22,"The Canada IT – Platforms and Engineering Domain is looking for a Senior Software Engineer with at least 5 years of software development experience. Participate in the design, development, and rollout…",Schedules: On call,https://www.indeed.ca/m/viewjob?jk=34ba97e722dc50c3,IndeedScraperCANEng_34ba97e722dc50c3,IndeedScraperCANEng,Python,CANADA_ENGLISH,$84000 - $138000 yearly,UNKNOWN
NEW,Wind Engineer/ EIT Buildings and Structures,Rowan Williams Davies & Irwin,"Guelph, ON N1G 4P6",2025-01-22,"Wind Engineer – Buildings and Structures Guelph, Ontario RWDI is a global climate and performance engineering consulting firm that helps its clients redefine what’s possible by overcoming design…","Job types: Full-time
Benefits: RRSP match
Job types cc: Full-time",https://www.indeed.ca/m/viewjob?jk=0fcb77e893821a50,IndeedScraperCANEng_0fcb77e893821a50,IndeedScraperCANEng,Python,CANADA_ENGLISH,$65000 - $80000 yearly,UNKNOWN
NEW,Software Developer Engineer in Test (SDET) – Core Protection Technology,"McAfee, LLC","Waterloo, ON",2025-01-22,"You have experience working with python and C++. As part of a core-technology team, you will work closely with developers to provide verification of Windows malware detection technologies and drivers.","Benefits: Dental care, Paid time off, Vision care, Flexible schedule",https://www.indeed.ca/m/viewjob?jk=be96fd4eee9e8b9c,IndeedScraperCANEng_be96fd4eee9e8b9c,IndeedScraperCANEng,Python,CANADA_ENGLISH,,UNKNOWN
NEW,Insights Analyst,Home Hardware Stores Limited,"St. Jacobs, ON",2025-01-22,Welcome Home! We’re more than Canada’s largest independent hardware and building supplies retailer—we’re part of communities across the nation. Transforming Data into Actionable Insights As an…,"Job types: Full-time
Remote: Hybrid work
Benefits: Disability insurance, Dental care, Vision care, Life insurance
Job types cc: Permanent, Full-time",https://www.indeed.ca/m/viewjob?jk=079c13ebd9c94d85,IndeedScraperCANEng_079c13ebd9c94d85,IndeedScraperCANEng,Python,CANADA_ENGLISH,,TEMPORARILY_REMOTE
NEW,Cloud Full Stack Developer II (Remote - Canada),Ansys,"Waterloo, ON",2025-02-19,"Requisition #: 16224 Our Mission: Powering Innovation That Drives Human Advancement When visionary companies need to know how their world-changing ideas will perform, they close the gap between…",Remote: Remote,https://www.indeed.ca/m/viewjob?jk=d100b243ae4d9687,IndeedScraperCANEng_d100b243ae4d9687,IndeedScraperCANEng,Python,CANADA_ENGLISH,,FULLY_REMOTE
NEW,Senior Controls System Designer,Rockwell Automation,"Kitchener, ON",2025-02-20,"Authoring and modifying software code (python, C++, or other). This role will report to Systems Engineering Manager. It is a specialized controls design role within the Systems Engineering Team.","Job types: Full-time
Remote: Hybrid work
Benefits: RRSP match, Dental care, Paid time off, Employee assistance program, Flexible schedule
Job types cc: Full-time",https://www.indeed.ca/m/viewjob?jk=b078101d104b71b7,IndeedScraperCANEng_b078101d104b71b7,IndeedScraperCANEng,Python,CANADA_ENGLISH,,TEMPORARILY_REMOTE
NEW,detail programmer,AURITAS TECHNOLOGIES,"Waterloo, ON",2025-01-22,Durée de l'emploi: Permanent Langue de travail: Anglais Heures de travail: 40 hours per week Education: Expérience: Education Bachelor's degree Work setting Consulting firm International level…,"Job types: Full-time
Benefits: Extended health care, Dental care
Job types cc: Permanent, Full-time",https://www.indeed.ca/m/viewjob?jk=82cbd3d0b064ea06,IndeedScraperCANEng_82cbd3d0b064ea06,IndeedScraperCANEng,Python,CANADA_ENGLISH,$46.05 - $46.05 hourly,UNKNOWN
NEW,Cloud Full Stack Developer (Remote - Canada),Ansys,"Waterloo, ON",2025-02-19,The trends driving digital transformation require high-performance computing beyond the on-premises capabilities of most businesses. The R&D Engineer or Cloud Full Stack Developer contributes to the…,Remote: Remote,https://www.indeed.ca/m/viewjob?jk=eaacb75b75f67d72,IndeedScraperCANEng_eaacb75b75f67d72,IndeedScraperCANEng,Python,CANADA_ENGLISH,,FULLY_REMOTE
NEW,Data Support Engineer,Manulife,"Waterloo, ON",2025-02-14,"The Opportunity Manulife is looking for a Data Support Engineer to join our Canadian Data Office team, as we move forward with the brand new Microsoft Azure cloud-based data technology stack,…","Job types: Full-time
Remote: Hybrid work
Benefits: Disability insurance, Dental care, Paid time off, Vision care
Job types cc: Full-time
Schedules: On call",https://www.indeed.ca/m/viewjob?jk=50397c2fb4145dc8,IndeedScraperCANEng_50397c2fb4145dc8,IndeedScraperCANEng,Python,CANADA_ENGLISH,$75880 - $140920 yearly,TEMPORARILY_REMOTE
NEW,"Stagiaire en recherche, doctorat, été 2025",Google,"Waterloo, ON",2025-01-22,"Les candidatures seront examinées sur une base continue; les candidats ont donc intérêt à postuler rapidement. La période de dépôt des candidatures prévue est ouverte jusqu'au 28 février 2025, mais…","Job types: Full-time, Internship / Co-op
Job types cc: Full-time, Internship / Co-op",https://www.indeed.ca/m/viewjob?jk=496e5f25dd61395a,IndeedScraperCANEng_496e5f25dd61395a,IndeedScraperCANEng,Python,CANADA_ENGLISH,,UNKNOWN
NEW,Software Developer,Verily,"Waterloo, ON",2025-01-22,"Who We Are Verily is a subsidiary of Alphabet that is using a data-driven approach to change the way people manage their health and the way healthcare is delivered. Launched from Google X in 2015,…",,https://www.indeed.ca/m/viewjob?jk=edf8fc9ce35cf368,IndeedScraperCANEng_edf8fc9ce35cf368,IndeedScraperCANEng,Python,CANADA_ENGLISH,,UNKNOWN
NEW,Senior Data Engineer,Conexiom,"Kitchener, ON N2H 6R3",2025-01-31,"Focused on the use of proprietary, AI-powered technology to increase efficiencies in the B2B ordering process, Conexiom’s rapid growth stems from its ability to serve its customers with solutions that…","Job types: Full-time
Job types cc: Full-time",https://www.indeed.ca/m/viewjob?jk=c3dc79775f204aa8,IndeedScraperCANEng_c3dc79775f204aa8,IndeedScraperCANEng,Python,CANADA_ENGLISH,,UNKNOWN
NEW,"Software Developing Manager II, Service Orchestration, Google Cloud",Google,"Waterloo, ON",2025-02-08,"Note: By applying to this position you will have an opportunity to share your preferred working location from the following: Waterloo, ON, Canada; Toronto, ON, Canada. Minimum qualifications: •…","Job types: Full-time
Job types cc: Full-time",https://www.indeed.ca/m/viewjob?jk=5070d3540593c894,IndeedScraperCANEng_5070d3540593c894,IndeedScraperCANEng,Python,CANADA_ENGLISH,,UNKNOWN
NEW,Snow & Ice Scientist Engineer,RWDI,"Guelph, ON",2025-02-06,Collaborating with senior professionals to find safe and practical solutions for challenging issues related to snow loading and falling snow & ice. Coordinating with diverse team to deliver top advice…,"Job types: Full-time
Job types cc: Full-time",https://www.indeed.ca/m/viewjob?jk=31cac5210ddddce6,IndeedScraperCANEng_31cac5210ddddce6,IndeedScraperCANEng,Python,CANADA_ENGLISH,$58000 - $75000 yearly,UNKNOWN
NEW,"Student Researcher, PhD, Winter/Summer 2025",Google,"Waterloo, ON",2025-01-22,"This opportunity is intended for students who are pursuing a PhD degree program in Computer Science or a related field. Our Student Researcher opportunities are flexible in time commitment, length of…","Job types: Full-time
Job types cc: Full-time",https://www.indeed.ca/m/viewjob?jk=7a3776bbc2fc3649,IndeedScraperCANEng_7a3776bbc2fc3649,IndeedScraperCANEng,Python,CANADA_ENGLISH,,UNKNOWN
NEW,Robotics Software Engineering Student Intern,Lincoln Electric,"Waterloo, ON N2L 5V4",2025-02-07,"Lincoln Electric is the world leader in the engineering, design, and manufacturing of advanced arc welding solutions, automated joining, assembly and cutting systems, plasma and oxy-fuel cutting…","Job types: Full-time, Internship / Co-op
Job types cc: Full-time, Internship / Co-op",https://www.indeed.ca/m/viewjob?jk=24ddc4ca1628f6b6,IndeedScraperCANEng_24ddc4ca1628f6b6,IndeedScraperCANEng,Python,CANADA_ENGLISH,$33280 - $41600 yearly,UNKNOWN
NEW,Senior Automation DevOps Engineer (Building CICD and Integration),Ansys,"Waterloo, ON N2J 4G8",2025-02-11,"Requisition #: 15929 Our Mission: Powering Innovation That Drives Human Advancement When visionary companies need to know how their world-changing ideas will perform, they close the gap between…",,https://www.indeed.ca/m/viewjob?jk=f878a26d48c06c0d,IndeedScraperCANEng_f878a26d48c06c0d,IndeedScraperCANEng,Python,CANADA_ENGLISH,,UNKNOWN
NEW,Data Analyst (4 Vacancies),Conestoga College,"Cambridge, ON",2025-02-11,"Requisition #: 25-0028 Location: Cambridge Department: Canadian Institute for Safety, Wellness & Performance Payband: 10 Payband Range: $85,529.00 - $106,911.00 Hours/Week: 37.5 Posting Date: Monday…","Job types: Full-time
Remote: Hybrid work
Job types cc: Full-time",https://www.indeed.ca/m/viewjob?jk=9124f1f6bb74aab5,IndeedScraperCANEng_9124f1f6bb74aab5,IndeedScraperCANEng,Python,CANADA_ENGLISH,$85529 - $106911 yearly,TEMPORARILY_REMOTE
NEW,"Principal, Systems Software Engineer - Runtime",Untether AI,"Kitchener-Waterloo, ON",2025-01-22,"You will evangelize, architect, and implement key aspects of our production kernel and user-mode drivers, their APIs, and the corresponding toolchain. Excellent C and C++ programming skills.","Job types: Full-time
Remote: Hybrid work
Job types cc: Full-time",https://www.indeed.ca/m/viewjob?jk=1cbf130c7a8c5478,IndeedScraperCANEng_1cbf130c7a8c5478,IndeedScraperCANEng,Python,CANADA_ENGLISH,,TEMPORARILY_REMOTE
NEW,"Étudiant-chercheur, baccalauréat ou maîtrise, hiver/été 2025",Google,"Waterloo, ON",2025-01-22,"Les candidatures seront examinées sur une base continue; les candidats ont donc intérêt à postuler rapidement. La période de dépôt des candidatures prévue est ouverte jusqu'au 11 juillet 2025, mais…","Job types: Full-time
Job types cc: Full-time",https://www.indeed.ca/m/viewjob?jk=73ebc8c38fc08419,IndeedScraperCANEng_73ebc8c38fc08419,IndeedScraperCANEng,Python,CANADA_ENGLISH,,UNKNOWN
NEW,Senior Software Engineer - Place and Route,Untether AI,"Kitchener-Waterloo, ON",2025-01-22,"Strong C++ and python development skills. Proficient with python data-science libraries (pandas, numpy, bokeh). By creating software that fully realizes the capabilities of the hardware, you will help…","Job types: Full-time
Remote: Hybrid work
Benefits: Extended health care, Stock options
Job types cc: Full-time",https://www.indeed.ca/m/viewjob?jk=3c37f2126870f4d0,IndeedScraperCANEng_3c37f2126870f4d0,IndeedScraperCANEng,Python,CANADA_ENGLISH,,TEMPORARILY_REMOTE
NEW,R&D Engineer II - High-Speed Flow Model Development,Ansys,"Waterloo, ON N2J 4G8",2025-02-05,"Requisition #: 16048 Our Mission: Powering Innovation That Drives Human Advancement When visionary companies need to know how their world-changing ideas will perform, they close the gap between…",,https://www.indeed.ca/m/viewjob?jk=8a62df26612f61f8,IndeedScraperCANEng_8a62df26612f61f8,IndeedScraperCANEng,Python,CANADA_ENGLISH,,UNKNOWN
NEW,"Senior Data Analyst, Revenue Operations",D2L,"Kitchener, ON",2025-01-22,"The old models of teaching and learning are in the midst of the largest transformation in history, and D2L is at the heart of that fundamental shift. Assist in modeling revenue impacts of new products…","Job types: Full-time
Benefits: Tuition reimbursement
Job types cc: Full-time",https://www.indeed.ca/m/viewjob?jk=03c122cf62e31249,IndeedScraperCANEng_03c122cf62e31249,IndeedScraperCANEng,Python,CANADA_ENGLISH,$87000 - $100000 yearly,UNKNOWN
NEW,"DevOps Engineer, Java Developer",TELUS,"Cambridge, ON",2025-02-04,"You analyze, decompose, design, and plan. Spend less time on the boring repetitive stuff and move on to the new and innovative challenges. Use your keen analysis, experience and creativity to increase…","Job types: Full-time
Benefits: Company pension
Job types cc: Full-time",https://www.indeed.ca/m/viewjob?jk=1bc359ff4cfb5c31,IndeedScraperCANEng_1bc359ff4cfb5c31,IndeedScraperCANEng,Python,CANADA_ENGLISH,$82000 - $122000 yearly,UNKNOWN
NEW,Snow & Ice Scientist Engineer,Rowan Williams Davies & Irwin,"Guelph, ON N1G 4P6",2025-02-06,Collaborating with senior professionals to find safe and practical solutions for challenging issues related to snow loading and falling snow & ice. Coordinating with diverse team to deliver top advice…,"Job types: Full-time
Job types cc: Full-time",https://www.indeed.ca/m/viewjob?jk=803d967fd45e6419,IndeedScraperCANEng_803d967fd45e6419,IndeedScraperCANEng,Python,CANADA_ENGLISH,$58000 - $75000 yearly,UNKNOWN
NEW,Senior API Platform Solutions Design Engineer,Sun Life,"Waterloo, ON",2025-02-10,"Reporting to the Director, API Platform Adoption, the Solution Design Engineer is responsible for designing, development, deployment and implementation of existing change data capture solution (CDC)…",Benefits: Work from home,https://www.indeed.ca/m/viewjob?jk=88b2717081ee9d38,IndeedScraperCANEng_88b2717081ee9d38,IndeedScraperCANEng,Python,CANADA_ENGLISH,$84000 - $138000 yearly,UNKNOWN
NEW,R&D Engineer II (Tetrahedralization and Triangulation Methods),Ansys,"Waterloo, ON N2J 4G8",2025-01-25,The Meshing Development Unit (MDU) is seeking a R&D Engineer II to develop start-of-the-art surface and volume mesh generation methods with the (multi-)GPU as the primary target platform.,,https://www.indeed.ca/m/viewjob?jk=f77a4cf6eba1e85d,IndeedScraperCANEng_f77a4cf6eba1e85d,IndeedScraperCANEng,Python,CANADA_ENGLISH,,UNKNOWN
NEW,Lead Application Engineer - Fluids,Ansys,"Waterloo, ON N2J 4G8",2025-01-22,"Join the Ansys Customer Excellence team to partner with our customers to engineer what's ahead, solve their real-world engineering problems, deploy Ansys software in their design workflows, and grow…",,https://www.indeed.ca/m/viewjob?jk=af19a1e9a8e98f90,IndeedScraperCANEng_af19a1e9a8e98f90,IndeedScraperCANEng,Python,CANADA_ENGLISH,,UNKNOWN
NEW,Principal Software Engineer (GenAI),Sun Life,"Waterloo, ON",2025-01-22,"The ideal candidate will be a visionary leader with a passion for cutting-edge technologies and a proven track record of delivering large-scale, complex software systems.",,https://www.indeed.ca/m/viewjob?jk=b49b5719b4e95110,IndeedScraperCANEng_b49b5719b4e95110,IndeedScraperCANEng,Python,CANADA_ENGLISH,$84000 - $138000 yearly,UNKNOWN
NEW,Intern Bachelors Software Engineer,Honeywell,"Cambridge, ON",2025-01-22,"Join a team recognized for leadership, innovation and diversity The future is what you make it. When you join Honeywell, you become a member of our global team of thinkers, innovators, dreamers…","Job types: Internship / Co-op
Job types cc: Internship / Co-op",https://www.indeed.ca/m/viewjob?jk=6153a18f5e238720,IndeedScraperCANEng_6153a18f5e238720,IndeedScraperCANEng,Python,CANADA_ENGLISH,,UNKNOWN
NEW,Staff Software Engineer - Kernel,Untether AI,"Kitchener-Waterloo, ON",2025-01-22,"We are looking for best in class engineers to join our existing top-notch team. When you join Untether AI, you will be part of a team that designs, develops and verifies the software that interacts…","Job types: Full-time
Remote: Hybrid work
Benefits: Extended health care, Stock options
Job types cc: Full-time",https://www.indeed.ca/m/viewjob?jk=ce88459da0d4a452,IndeedScraperCANEng_ce88459da0d4a452,IndeedScraperCANEng,Python,CANADA_ENGLISH,,TEMPORARILY_REMOTE
NEW,Programmer & HelpDesk Support,CareKW,"Kitchener, ON",2025-01-22,"Company: CareKW Location: Kitchener, ON (Travel between locations in Southwestern Ontario is required) Employment Type: Full-Time Hours: 37.5 hour week, Monday to Friday We are seeking a motivated…","Job types: Full-time
Benefits: RRSP match, Dental care, Vision care
Job types cc: Full-time
Schedules: Monday to Friday",https://www.indeed.ca/m/viewjob?jk=e7722a41c3edc113,IndeedScraperCANEng_e7722a41c3edc113,IndeedScraperCANEng,Python,CANADA_ENGLISH,,UNKNOWN
NEW,Electrical Support Technician,University of Waterloo,"Waterloo, ON N2L 3G1",2025-01-22,"This position is responsible for supporting the development of electrical designs for trapped ion quantum processors within the Quantum Information with Trapped Ions (QITI) research group, led by…","Job types: Temporary
Job types cc: Temporary",https://www.indeed.ca/m/viewjob?jk=c4c72c3d348e1ec5,IndeedScraperCANEng_c4c72c3d348e1ec5,IndeedScraperCANEng,Python,CANADA_ENGLISH,$58286 - $72858 yearly,UNKNOWN
NEW,Image Sensor Design Specialist,Teledyne Technologies Inc.,"Waterloo, ON",2025-01-22,"Teledyne Digital Imaging's products are used worldwide in machine vision, document scanning, image capture, surveillance, process monitoring, manufacturing inspection, medical imaging, and multi media…","Job types: Full-time
Job types cc: Full-time",https://www.indeed.ca/m/viewjob?jk=849d9e60cca2692f,IndeedScraperCANEng_849d9e60cca2692f,IndeedScraperCANEng,Python,CANADA_ENGLISH,,UNKNOWN
NEW,Robotics Software Engineering Student Intern,Lincoln Electric,"Waterloo, ON N2L 5V4",2025-02-07,Employment Status: Hourly Full-Time. Develop features in a TypeScript application which control the programming of various welding processes and robotic automation tasks.,"Job types: Full-time, Internship / Co-op
Job types cc: Full-time, Internship / Co-op",https://www.indeed.ca/m/viewjob?jk=17920d4fb9e11d7d,IndeedScraperCANEng_17920d4fb9e11d7d,IndeedScraperCANEng,Python,CANADA_ENGLISH,$33280 - $41600 yearly,UNKNOWN
NEW,"Software Developer Intern, PhD, Summer 2025",Google,"Waterloo, ON",2025-01-22,"This internship is intended for students in their penultimate academic year, who are pursuing a PhD degree program in Computer Science or a related field. Develop scripts to automate routine tasks.","Job types: Full-time, Internship / Co-op
Job types cc: Full-time, Internship / Co-op",https://www.indeed.ca/m/viewjob?jk=ef82cbea094c2f20,IndeedScraperCANEng_ef82cbea094c2f20,IndeedScraperCANEng,Python,CANADA_ENGLISH,,UNKNOWN
NEW,Principal Software Developer SDET,OpenText,"Waterloo, ON N2L 0A1",2025-01-22,"SoftwareDevelopment Engineer in Test - Waterloo, ON Hybrid (Tue/Wed/Thur in-office). The OpenText Cybersecurity portfolio provides a broad portfolio of data security and data protection solutions that…",,https://www.indeed.ca/m/viewjob?jk=b13b52baf698e7ad,IndeedScraperCANEng_b13b52baf698e7ad,IndeedScraperCANEng,Python,CANADA_ENGLISH,,UNKNOWN
NEW,Application Scientist,Bioinformatics Solutions,"Waterloo, ON N2L 6J2",2025-01-22,"Full-time | Waterloo, ON (On-site) | 75k-85k. The candidate will work closely with software users to support their success by addressing inquiries and providing technical guidance.","Job types: Full-time
Job types cc: Full-time",https://www.indeed.ca/m/viewjob?jk=7f251c784b3f45f3,IndeedScraperCANEng_7f251c784b3f45f3,IndeedScraperCANEng,Python,CANADA_ENGLISH,$75000 - $85000 yearly,UNKNOWN
NEW,Software Developer in Test (SDET) Threat Protection,"McAfee, LLC","Waterloo, ON",2025-01-22,"You have strong knowledge of python, SQL is a bonus. As part of the Consumer Antivirus Team, you will build high-quality Windows threat protection software for our flagship McAfee products.","Benefits: Dental care, Paid time off, Vision care, Flexible schedule",https://www.indeed.ca/m/viewjob?jk=a58c561eff384970,IndeedScraperCANEng_a58c561eff384970,IndeedScraperCANEng,Python,CANADA_ENGLISH,,UNKNOWN
NEW,"Senior DevOps Engineer (Remote - Waterloo, Canada)",Ansys,"Waterloo, ON",2025-01-22,"Proficient in at least one language used for scripting (e.g. bash, python, perl, ruby, etc). The Senior Site Reliability Engineer at Ansys is responsible for the reliability and availability of…",Remote: Remote,https://www.indeed.ca/m/viewjob?jk=41c71dca5350015d,IndeedScraperCANEng_41c71dca5350015d,IndeedScraperCANEng,Python,CANADA_ENGLISH,,FULLY_REMOTE
NEW,"Étudiant-chercheur, doctorat, hiver/été 2025",Google,"Waterloo, ON",2025-01-22,"Les candidatures seront examinées sur une base continue; les candidats ont donc intérêt à postuler rapidement. La période de dépôt des candidatures prévue est ouverte jusqu'au 11 juillet 2025, mais…","Job types: Full-time
Job types cc: Full-time",https://www.indeed.ca/m/viewjob?jk=85d9499567ab9f9c,IndeedScraperCANEng_85d9499567ab9f9c,IndeedScraperCANEng,Python,CANADA_ENGLISH,,UNKNOWN
NEW,"Senior Manager, Risk Intelligence and Analytics",Manulife,"Waterloo, ON",2025-02-14,"Are you looking for unlimited opportunities to develop and succeed? With work that challenges and makes a difference and a flexible and supportive environment, we can help our customers achieve…","Job types: Full-time
Benefits: Disability insurance, Dental care, Paid time off, Vision care
Job types cc: Full-time",https://www.indeed.ca/m/viewjob?jk=dae86c80cb2b6bdd,IndeedScraperCANEng_dae86c80cb2b6bdd,IndeedScraperCANEng,Python,CANADA_ENGLISH,$80700 - $145260 yearly,UNKNOWN
NEW,Sr. Data Engineer,Sun Life,"Waterloo, ON",2025-02-12,"This senior technical role is responsible for the design, building, deployment and support of data integration for BI reporting and analytic solutions, and application integration solutions using…",Remote: Hybrid work,https://www.indeed.ca/m/viewjob?jk=0c5290b38cb5447c,IndeedScraperCANEng_0c5290b38cb5447c,IndeedScraperCANEng,Python,CANADA_ENGLISH,$84000 - $138000 yearly,TEMPORARILY_REMOTE
NEW,Principal Site Reliability Administrator,OpenText,"Waterloo, ON N2L 0A1",2025-01-22,Job Code Level: IZ-CLD-P5. An SRE bridges the gap between traditional software engineering and operations to create highly scalable and fault-tolerant systems. Some experience in Golang is preferred.,Schedules: On call,https://www.indeed.ca/m/viewjob?jk=e9c484cea3126ced,IndeedScraperCANEng_e9c484cea3126ced,IndeedScraperCANEng,Python,CANADA_ENGLISH,,UNKNOWN
NEW,Mechatronics Engineers - 2025 University Graduates,Westinghouse Electric Company,"Cambridge, ON",2025-01-22,"Design and implement control software specific to customer and project requirements. Select, integrate and test hardware and software components including embedded computers, cameras, lasers,…","Benefits: Dental care, Tuition reimbursement, Flextime, Employee assistance program, Vision care, Flexible schedule
Schedules: Flextime",https://www.indeed.ca/m/viewjob?jk=93294ebe2318a4e1,IndeedScraperCANEng_93294ebe2318a4e1,IndeedScraperCANEng,Python,CANADA_ENGLISH,,UNKNOWN
NEW,Sr. System Performance Analyst,Canadian Solar,"Kitchener, ON",2025-01-22,Reports To:BESS Data Analytics Manager. Sr. System Performance Analyst is part of the engineering team responsible to conduct in-depth analysis of performance data from battery storage systems.,"Job types: Full-time
Benefits: Dental care
Job types cc: Full-time",https://www.indeed.ca/m/viewjob?jk=f3b2c499a7e1fbdf,IndeedScraperCANEng_f3b2c499a7e1fbdf,IndeedScraperCANEng,Python,CANADA_ENGLISH,,UNKNOWN
NEW,R&D Verification Engineer II - HFSS/Maxwell Cloud,Ansys,"Waterloo, ON N2J 4G8",2025-01-22,The R&D Verification Engineer II joins the Electronics Business Unit (EBU) to conduct software testing of ANSYS applications such as HFSS and HFSS 3D Layout. Familiarity with EDA/CAE software.,Remote: Hybrid work,https://www.indeed.ca/m/viewjob?jk=c5de9fcfbe6597f9,IndeedScraperCANEng_c5de9fcfbe6597f9,IndeedScraperCANEng,Python,CANADA_ENGLISH,,TEMPORARILY_REMOTE
NEW,SOC Analyst I,eSentire,"Waterloo, ON",2025-01-22,"The GSOC delivers comprehensive security services to customers worldwide on a 24x7 basis, utilizing best-in-class tooling from both external vendors and internally developed technologies.","Job types: Full-time
Shifts: 8 hour shift
Remote: Hybrid work
Job types cc: Full-time
Schedules: 8 hour shift, Weekends as needed",https://www.indeed.ca/m/viewjob?jk=ef48fa80738d8ed6,IndeedScraperCANEng_ef48fa80738d8ed6,IndeedScraperCANEng,Python,CANADA_ENGLISH,,TEMPORARILY_REMOTE
NEW,Lead Software Developer,OpenText,"Waterloo, ON N2L 0A1",2025-02-15,"OpenText IT Operations Management (ITOM) delivers intelligent, automated solutions that empower businesses to monitor, manage, and optimize complex IT environments.",,https://www.indeed.ca/m/viewjob?jk=fa67758e9f6cfdf6,IndeedScraperCANEng_fa67758e9f6cfdf6,IndeedScraperCANEng,Python,CANADA_ENGLISH,,UNKNOWN
NEW,"Software Development Manager, Go Language Ecosystem",Google,"Waterloo, ON",2025-02-11,"Bachelor's degree or equivalent practical experience. 8 years of experience with software development in one or more programming languages (e.g., Python, C, C++, Java, JavaScript).","Job types: Full-time
Job types cc: Full-time",https://www.indeed.ca/m/viewjob?jk=1be4945060055688,IndeedScraperCANEng_1be4945060055688,IndeedScraperCANEng,Python,CANADA_ENGLISH,,UNKNOWN
NEW,Software Engineer - Fully Networked Vehicle Analytics Data,Altair Engineering,"Waterloo, ON",2025-01-22,"Our client in Waterloo, ON is looking for a Software Engineer Senior. Our mission is to provide the best possible user experience for Our Client´s ustomers, by providing invaluable wisdom from data to…","Benefits: Designated paid holidays, Paid time off",https://www.indeed.ca/m/viewjob?jk=f4648c1ba06f4a2f,IndeedScraperCANEng_f4648c1ba06f4a2f,IndeedScraperCANEng,Python,CANADA_ENGLISH,,UNKNOWN
NEW,R&D Engineer II (Meshing),Ansys,"Waterloo, ON N2J 4G8",2025-01-25,Of particular interest are boundary layer and thin volume meshing algorithms with application to finite elements and finite volume methods. Experience from the development of higher order mesh…,,https://www.indeed.ca/m/viewjob?jk=6b2523ca5a88be26,IndeedScraperCANEng_6b2523ca5a88be26,IndeedScraperCANEng,Python,CANADA_ENGLISH,,UNKNOWN
NEW,Data Scientist,TextNow,"Waterloo, ON",2025-01-28,"As a senior contributor, you will directly collaborate with multiple teams across the TextNow organization including Marketing and Growth, Product, and Engineering to deliver well-thought-out insights…","Job types: Full-time
Remote: Remote
Benefits: Stock options
Job types cc: Full-time",https://www.indeed.ca/m/viewjob?jk=c86f4bbe69e68f08,IndeedScraperCANEng_c86f4bbe69e68f08,IndeedScraperCANEng,Python,CANADA_ENGLISH,,FULLY_REMOTE
NEW,Principal Developer,Your Neighbourhood Credit Union,"Kitchener, ON N2P 2N4",2025-01-29,"Job Type: Regular, Full Time*. This individual will play a crucial role in leading a team of developers, fostering a culture of innovation, and ensuring the delivery of high-quality software solutions…","Job types: Full-time
Remote: Hybrid work
Benefits: Casual dress, Extended health care, Wellness program, RRSP match, Dental care, Paid time off, Company pension, Work from home, Company events, Employee assistance program, Vision care, On-site parking
Job types cc: Full-time
Schedules: Monday to Friday",https://www.indeed.ca/m/viewjob?jk=7e75cd9fa7c1aa7f,IndeedScraperCANEng_7e75cd9fa7c1aa7f,IndeedScraperCANEng,Python,CANADA_ENGLISH,,TEMPORARILY_REMOTE
NEW,Software Integration Engineer,Raytheon,"Waterloo, ON",2025-02-21,We integrate software developed in C and C++ on hardware operating on various legacy and new operating systems. Candidates can expect to work on many if not all the phases of the software development…,"Job types: Full-time
Remote: Hybrid work
Job types cc: Full-time",https://www.indeed.ca/m/viewjob?jk=cfb8f5e348327d5b,IndeedScraperCANEng_cfb8f5e348327d5b,IndeedScraperCANEng,Python,CANADA_ENGLISH,,TEMPORARILY_REMOTE
NEW,"Lead Full Stack Software Developer(Node.Js, Angular, Vue.Js)",OpenText,"Waterloo, ON N2L 0A1",2025-01-22,"As a Full-Stack Digital Developer, you will be an integral part of our development team, contributing to the digital web experience we enable for our customers.",,https://www.indeed.ca/m/viewjob?jk=26ea7e347054dfbe,IndeedScraperCANEng_26ea7e347054dfbe,IndeedScraperCANEng,Python,CANADA_ENGLISH,,UNKNOWN
NEW,Wind Engineer - Aeroelastic Structures,RWDI,"Guelph, ON",2025-01-22,Client First: Working with our clients and your colleagues at RWDI to solve challenging engineering problems related to wind loads and effects on structures.,"Job types: Full-time
Benefits: RRSP match
Job types cc: Full-time",https://www.indeed.ca/m/viewjob?jk=8944c3bbb4cd8bfb,IndeedScraperCANEng_8944c3bbb4cd8bfb,IndeedScraperCANEng,Python,CANADA_ENGLISH,$65000 - $80000 yearly,UNKNOWN
NEW,"Research Intern, PhD, Summer 2025",Google,"Waterloo, ON",2025-01-22,"This internship is intended for students in their penultimate academic year, who are pursuing a PhD degree program in Computer Science or a related field. Develop and execute a research agenda.","Job types: Full-time, Internship / Co-op
Job types cc: Full-time, Internship / Co-op",https://www.indeed.ca/m/viewjob?jk=8943c0cc7b8abdc7,IndeedScraperCANEng_8943c0cc7b8abdc7,IndeedScraperCANEng,Python,CANADA_ENGLISH,,UNKNOWN
NEW,SOC Analyst II,eSentire,"Waterloo, ON",2025-01-25,"The GSOC delivers comprehensive security services to customers worldwide on a 24x7 basis, utilizing best-in-class tooling from both external vendors and internally developed technologies.","Job types: Full-time
Shifts: 8 hour shift
Remote: Hybrid work
Job types cc: Full-time
Schedules: 8 hour shift",https://www.indeed.ca/m/viewjob?jk=b93b119acbf920e3,IndeedScraperCANEng_b93b119acbf920e3,IndeedScraperCANEng,Python,CANADA_ENGLISH,,TEMPORARILY_REMOTE
NEW,R&D Verification Engineer II - LS-DYNA,Ansys,"Waterloo, ON N2J 4G8",2025-01-22,The R&D Verification Engineer II joins the Mechanical Business Unit to conduct software testing of ANSYS applications such as LS-DYNA. This role assesses how well the product meets customer needs both…,,https://www.indeed.ca/m/viewjob?jk=c5c483bdc637d819,IndeedScraperCANEng_c5c483bdc637d819,IndeedScraperCANEng,Python,CANADA_ENGLISH,,UNKNOWN
NEW,"Tech Lead, Reporting & Analytics",Axonify,"Waterloo, ON",2025-02-14,"Reporting to the Director, Software Development, the Reporting & Analytics Team Lead at Axonify plays a foundational role in helping to determine the direction of and execute on data-based initiatives…","Job types: Full-time
Remote: Hybrid work
Job types cc: Full-time
Schedules: On call",https://www.indeed.ca/m/viewjob?jk=bd5dbf97c857104e,IndeedScraperCANEng_bd5dbf97c857104e,IndeedScraperCANEng,Python,CANADA_ENGLISH,,TEMPORARILY_REMOTE
NEW,"Technical Solutions Consultant, Applied AI, Telephony",Google,"Waterloo, ON",2025-01-31,"Bachelor's degree in Science, Technology, Engineering, Mathematics, or equivalent practical experience. 5 years of experience in solution engineering and 3 years of experience in stakeholder…","Job types: Full-time
Job types cc: Full-time",https://www.indeed.ca/m/viewjob?jk=5b9960174b4330ae,IndeedScraperCANEng_5b9960174b4330ae,IndeedScraperCANEng,Python,CANADA_ENGLISH,,UNKNOWN
NEW,Senior Deep Learning Engineer,Untether AI,"Kitchener-Waterloo, ON",2025-02-12,"By creating software that fully realizes the capabilities of the hardware, you will help get AI inference to the general populace. You excel in an environment with complex software and hardware…","Job types: Full-time
Remote: Hybrid work
Benefits: Extended health care, Stock options
Job types cc: Full-time",https://www.indeed.ca/m/viewjob?jk=6394a696ab2e3ce4,IndeedScraperCANEng_6394a696ab2e3ce4,IndeedScraperCANEng,Python,CANADA_ENGLISH,,TEMPORARILY_REMOTE
NEW,Director of Product Security Architecture,Dematic Ltd.,"Waterloo, ON",2025-02-12,"Under the Vice President of Global Product Security, you will provide strategic and expertly informed technical security leadership to the product development, execution, sales, and support…","Job types: Full-time
Job types cc: Full-time",https://www.indeed.ca/m/viewjob?jk=ee1f3ecf22970c51,IndeedScraperCANEng_ee1f3ecf22970c51,IndeedScraperCANEng,Python,CANADA_ENGLISH,,UNKNOWN
NEW,Lead Site Reliability Administrator,OpenText,"Waterloo, ON N2L 0A1",2025-01-22,"Experience with at least one scripting language such as shell, Perl, python, javascript, etc…. Job Code Level: IZ-CLD-P4. This Site Reliability Administrator role is to build solutions to enhance the…",Schedules: On call,https://www.indeed.ca/m/viewjob?jk=0362a3b1cb773682,IndeedScraperCANEng_0362a3b1cb773682,IndeedScraperCANEng,Python,CANADA_ENGLISH,,UNKNOWN
NEW,Senior AWS Cloud Infrastructure Developer,NAVBLUE,"Waterloo, ON",2025-01-22,"As part of our team, you will be creating and supporting common AWS infrastructure modules and services, creating guard rails and automatic compliance checks, and improving our CI/CD pipeline.","Job types: Full-time
Job types cc: Permanent, Full-time",https://www.indeed.ca/m/viewjob?jk=caafd30a1f86cfdd,IndeedScraperCANEng_caafd30a1f86cfdd,IndeedScraperCANEng,Python,CANADA_ENGLISH,,UNKNOWN
NEW,R&D Engineer II (UI/UX) - Canada Remote,Ansys,"Waterloo, ON",2025-01-29,"The R&D Engineer II will be responsible for creating intuitive, user-friendly, and visually compelling designs for Ansys products and services, specifically focused on Ansys Thermal Desktop.",Remote: Remote,https://www.indeed.ca/m/viewjob?jk=459b27e05f6c0054,IndeedScraperCANEng_459b27e05f6c0054,IndeedScraperCANEng,Python,CANADA_ENGLISH,,FULLY_REMOTE
NEW,Senior Application Engineer - Optics (Remote),Ansys,"Waterloo, ON",2025-02-15,"Join the Ansys Customer Excellence team to partner with our customers to engineer what's ahead, solve their real-world engineering problems, deploy Ansys software in their design workflows, and grow…",Remote: Remote,https://www.indeed.ca/m/viewjob?jk=af74d51398545c31,IndeedScraperCANEng_af74d51398545c31,IndeedScraperCANEng,Python,CANADA_ENGLISH,,FULLY_REMOTE
NEW,Senior Data Architect,"McAfee, LLC","Waterloo, ON",2025-01-22,"As a member of McAfee’s enterprise data architecture team, you will manage data platform architecture on the Databricks platform. This role requires a deep understanding of:","Remote: Remote
Benefits: Dental care, Paid time off, Vision care, Flexible schedule",https://www.indeed.ca/m/viewjob?jk=f394f9b1023c51f0,IndeedScraperCANEng_f394f9b1023c51f0,IndeedScraperCANEng,Python,CANADA_ENGLISH,,FULLY_REMOTE
NEW,Senior Release Manager,Sun Life,"Waterloo, ON",2025-01-28,We drive best-in-class data & analytics capabilities to the business to create better client experiences and business outcomes. Internal marketing communications that promote and advance our products…,Remote: Hybrid work,https://www.indeed.ca/m/viewjob?jk=02489b39f0a51eaf,IndeedScraperCANEng_02489b39f0a51eaf,IndeedScraperCANEng,Python,CANADA_ENGLISH,$84000 - $138000 yearly,TEMPORARILY_REMOTE
NEW,"Developing Manager, Go Language Ecosystem",Google,"Waterloo, ON",2025-02-06,"Bachelor's degree or equivalent practical experience. 8 years of experience with software development in one or more programming languages (e.g., Python, C, C++, Java, JavaScript).","Job types: Full-time
Job types cc: Full-time",https://www.indeed.ca/m/viewjob?jk=d46240f528ee52f5,IndeedScraperCANEng_d46240f528ee52f5,IndeedScraperCANEng,Python,CANADA_ENGLISH,,UNKNOWN
NEW,"Senior R&D Engineer (Remote - Waterloo, Canada)",Ansys,"Waterloo, ON",2025-01-29,"Excellent technical knowledge with python, with a strong understanding of multi-threading and concurrent programming. Participates in planning, architecture, and research.",Remote: Remote,https://www.indeed.ca/m/viewjob?jk=363268f96eddb98c,IndeedScraperCANEng_363268f96eddb98c,IndeedScraperCANEng,Python,CANADA_ENGLISH,,FULLY_REMOTE
NEW,"Incident Handler, SOC",eSentire,"Waterloo, ON",2025-01-22,The Incident Handler reports to the SOC Incident Handling Manager as part of the Incident Handling team to help support eSentire SOC operations during incident/breach situations.,"Job types: Full-time
Remote: Hybrid work
Job types cc: Full-time
Schedules: Weekends as needed",https://www.indeed.ca/m/viewjob?jk=da74e429d07f6189,IndeedScraperCANEng_da74e429d07f6189,IndeedScraperCANEng,Python,CANADA_ENGLISH,,TEMPORARILY_REMOTE
NEW,"Test Developer, Fleet Software",Rockwell Automation,"Kitchener, ON N2C 2K5",2025-01-22,"Work with Linux/Ubuntu based environments and scripting (bash, python). The Fleet Software Group is responsible for the design and support of the Fleet Manager and software applications that allow our…","Job types: Full-time
Remote: Hybrid work
Benefits: RRSP match, Dental care, Paid time off, Employee assistance program, Flexible schedule
Job types cc: Full-time",https://www.indeed.ca/m/viewjob?jk=e109edac060e14cb,IndeedScraperCANEng_e109edac060e14cb,IndeedScraperCANEng,Python,CANADA_ENGLISH,,TEMPORARILY_REMOTE
NEW,Principal Software Developer DevSecOps,OpenText,"Waterloo, ON N2L 0A1",2025-02-05,"Knowledge of PowerShell, bash, and/or python. The OpenText Cybersecurity portfolio provides a broad portfolio of data security and data protection solutions that help companies prevent, detect,…",,https://www.indeed.ca/m/viewjob?jk=351f6baed9230a4c,IndeedScraperCANEng_351f6baed9230a4c,IndeedScraperCANEng,Python,CANADA_ENGLISH,,UNKNOWN
NEW,Digital IC Designer,onsemi,"Waterloo, ON",2025-01-22,We are looking to expand our team with a Digital IC Designer with experiences in the development of digital subsystems and embedded MCU/DSP for our mixed-signal products.,"Job types: Full-time
Benefits: Flexible schedule
Job types cc: Full-time",https://www.indeed.ca/m/viewjob?jk=8ad983ba4dd440b9,IndeedScraperCANEng_8ad983ba4dd440b9,IndeedScraperCANEng,Python,CANADA_ENGLISH,,UNKNOWN
NEW,Cloud and Security Specialist,KidsAbility,"Waterloo, ON N2K 3P5",2025-02-21,"*Cloud and Security Specialist * Fulltime, Permanent | Start Date: ASAP | Waterloo & Other Sites Closing Date: March 3, 2025 About KidsAbility: We are a not-for-profit, equal…","Job types: Full-time
Benefits: Extended health care, RRSP match, Disability insurance, Dental care, Paid time off, Company events, Employee assistance program, Vision care, RRSP, Life insurance, On-site parking
Job types cc: Permanent, Full-time
Schedules: Weekends as needed, Monday to Friday",https://www.indeed.ca/m/viewjob?jk=7ee11ffed674cbd9,IndeedScraperCANEng_7ee11ffed674cbd9,IndeedScraperCANEng,Python,CANADA_ENGLISH,,UNKNOWN
